City_ID,City,Lat,Lng,Max Temp,Humidity,Cloudiness,Wind Speed,Country,Date,Current Description
0,Honningsvag,70.9821,25.9704,31.95,54,69,3.94,NO,2021-05-02 22:05:09,snow
1,Ushuaia,-54.8,-68.3,35.6,75,75,27.63,AR,2021-05-02 22:07:20,snow
2,Rikitea,-23.1203,-134.9692,77.25,78,66,15.5,PF,2021-05-02 22:07:54,light rain
3,Hilo,19.7297,-155.09,77.0,73,90,6.91,US,2021-05-02 22:00:05,light rain
4,Ixtapa,20.7,-105.2,80.6,61,1,17.27,MX,2021-05-02 22:07:38,clear sky
5,East London,-33.0153,27.9116,63.68,75,0,8.08,ZA,2021-05-02 22:04:53,clear sky
6,Machico,32.7,-16.7667,60.8,67,75,4.61,PT,2021-05-02 22:07:58,broken clouds
7,Butaritari,3.0707,172.7902,82.63,75,100,14.32,KI,2021-05-02 21:59:51,light rain
8,Neftcala,39.3742,49.2472,58.24,85,76,5.97,AZ,2021-05-02 22:08:00,broken clouds
9,Cabo San Lucas,22.8909,-109.9124,87.01,26,1,18.41,MX,2021-05-02 21:59:21,clear sky
10,Ilulissat,69.2167,-51.1,48.2,27,0,27.63,GL,2021-05-02 22:04:49,clear sky
11,Palhi,10.6498,124.8062,79.74,83,33,9.1,PH,2021-05-02 22:08:03,scattered clouds
12,Biograd Na Moru,43.9433,15.4519,59.0,77,0,4.61,HR,2021-05-02 22:08:04,clear sky
13,Louga,58.7372,29.8453,38.71,78,100,9.86,RU,2021-05-02 22:08:05,overcast clouds
14,Stettler,52.3168,-112.7186,51.8,46,91,14.97,CA,2021-05-02 22:04:23,overcast clouds
15,Jamestown,42.097,-79.2353,71.6,40,1,12.66,US,2021-05-02 22:05:25,clear sky
16,Mount Gambier,-37.8333,140.7667,55.4,94,75,8.05,AU,2021-05-02 22:08:09,light intensity drizzle
17,Albany,42.6001,-73.9662,54.0,91,100,4.03,US,2021-05-02 22:04:21,moderate rain
18,Cariati,39.4922,16.9594,52.0,83,100,2.8,IT,2021-05-02 22:08:11,overcast clouds
19,Norman Wells,65.282,-126.8329,39.2,75,75,6.91,CA,2021-05-02 21:58:14,broken clouds
20,Tasiilaq,65.6145,-37.6368,32.0,69,0,5.75,GL,2021-05-02 21:58:30,clear sky
21,Araouane,18.9048,-3.5265,95.59,23,12,13.94,ML,2021-05-02 22:08:14,few clouds
22,Arkhara,49.4212,130.0842,46.47,51,50,2.8,RU,2021-05-02 22:08:15,scattered clouds
23,Pevek,69.7008,170.3133,12.61,93,99,5.12,RU,2021-05-02 21:58:22,overcast clouds
24,Qitaihe,45.8,130.85,48.02,57,44,2.15,CN,2021-05-02 22:08:18,scattered clouds
25,Pailon,-17.65,-62.75,84.2,58,40,11.5,BO,2021-05-02 22:08:20,scattered clouds
26,Mumbwa,-14.9783,27.0619,59.94,94,100,6.8,ZM,2021-05-02 22:08:21,overcast clouds
27,Victoria,22.2855,114.1577,77.0,88,99,19.48,HK,2021-05-02 21:59:30,light rain
28,Chuy,-33.6971,-53.4616,64.67,75,76,6.44,UY,2021-05-02 21:58:49,broken clouds
29,Saint Marys,30.7305,-81.5465,78.01,100,1,8.05,US,2021-05-02 22:08:24,clear sky
30,Narsaq,60.9167,-46.05,42.8,24,63,56.39,GL,2021-05-02 22:08:26,broken clouds
31,Hamilton,39.1834,-84.5333,75.2,46,1,12.66,US,2021-05-02 21:58:17,clear sky
32,Avarua,-21.2078,-159.775,77.0,78,90,6.91,CK,2021-05-02 22:00:50,light rain
33,Bethel,41.3712,-73.414,78.8,34,75,8.05,US,2021-05-02 21:58:54,broken clouds
34,Carnarvon,-24.8667,113.6333,60.8,72,100,6.91,AU,2021-05-02 22:08:29,overcast clouds
35,Bredasdorp,-34.5322,20.0403,50.0,87,0,3.44,ZA,2021-05-02 21:59:57,clear sky
36,Georgetown,5.4112,100.3354,80.01,89,20,3.44,MY,2021-05-02 21:59:59,few clouds
37,Bereda,43.2686,-7.5406,42.01,96,3,4.0,ES,2021-05-02 22:08:32,clear sky
38,Salalah,17.0151,54.0924,86.0,74,20,2.3,OM,2021-05-02 22:04:48,few clouds
39,Demirci,39.0461,28.6589,65.68,36,25,2.06,TR,2021-05-02 22:08:34,scattered clouds
40,Bogashevo,56.3683,85.1447,48.2,40,0,15.66,RU,2021-05-02 22:08:36,clear sky
41,Xuddur,4.1213,43.8894,75.63,76,85,6.6,SO,2021-05-02 22:08:37,light rain
42,Hobart,-42.8794,147.3294,55.99,82,75,8.05,AU,2021-05-02 22:08:38,broken clouds
43,Vaini,-21.2,-175.2,73.4,73,90,10.36,TO,2021-05-02 21:58:48,overcast clouds
44,Hermanus,-34.4187,19.2345,64.0,48,0,1.01,ZA,2021-05-02 21:58:51,clear sky
45,Madang,-5.2246,145.7966,77.85,89,100,3.91,PG,2021-05-02 22:08:41,overcast clouds
46,Siedlce,52.1677,22.2901,37.0,87,100,25.55,PL,2021-05-02 22:08:42,overcast clouds
47,Batagay-Alyta,67.8006,130.4114,26.6,91,96,3.56,RU,2021-05-02 22:08:43,overcast clouds
48,Hovd,48.0056,91.6419,30.27,45,1,6.15,MN,2021-05-02 22:08:44,clear sky
49,Kruisfontein,-34.0033,24.7314,57.99,79,0,1.99,ZA,2021-05-02 21:59:49,clear sky
50,Saint-Michel-Des-Saints,46.6834,-73.9159,48.0,37,0,10.69,CA,2021-05-02 22:08:46,clear sky
51,Dikson,73.5069,80.5464,28.71,89,100,13.11,RU,2021-05-02 22:01:25,overcast clouds
52,Mastic Beach,40.7668,-72.8521,69.8,43,1,9.22,US,2021-05-02 22:05:11,clear sky
53,Natal,-5.795,-35.2094,80.6,78,20,12.66,BR,2021-05-02 22:06:17,few clouds
54,El Seibo,18.7641,-69.0375,84.2,61,20,9.22,DO,2021-05-02 22:08:50,few clouds
55,Qaanaaq,77.484,-69.3632,33.44,65,100,2.37,GL,2021-05-02 22:08:52,overcast clouds
56,Vardo,70.3705,31.1107,23.0,68,0,9.22,NO,2021-05-02 22:01:06,clear sky
57,Fairbanks,64.8378,-147.7164,54.0,26,75,3.44,US,2021-05-02 22:07:34,broken clouds
58,Kalmunai,7.4167,81.8167,80.2,80,91,2.04,LK,2021-05-02 22:08:55,overcast clouds
59,Souillac,-20.5167,57.5167,75.2,94,20,4.61,MU,2021-05-02 22:08:56,light rain
60,New Norfolk,-42.7826,147.0587,55.99,70,94,1.01,AU,2021-05-02 21:59:01,overcast clouds
61,Atuona,-9.8,-139.0333,80.24,78,72,14.76,PF,2021-05-02 22:08:58,light rain
62,Kapaa,22.0752,-159.319,80.6,69,20,14.97,US,2021-05-02 22:08:59,light rain
63,Belgrade,44.804,20.4651,59.0,62,0,12.66,RS,2021-05-02 22:09:00,clear sky
64,Arman,59.7,150.1667,36.88,81,69,2.17,RU,2021-05-02 22:04:07,broken clouds
65,Hithadhoo,-0.6,73.0833,82.74,71,92,9.15,MV,2021-05-02 21:59:33,overcast clouds
66,Asmara,15.3333,38.9333,56.59,80,91,4.54,ER,2021-05-02 22:09:03,overcast clouds
67,Barrow,71.2906,-156.7887,17.6,73,90,4.61,US,2021-05-02 22:09:04,light snow
68,Laukaa,58.7372,29.8453,38.71,78,100,9.86,RU,2021-05-02 22:09:05,overcast clouds
69,Mataura,-46.1927,168.8643,50.0,89,57,3.0,NZ,2021-05-02 22:09:06,broken clouds
70,Clyde River,70.4692,-68.5914,28.4,86,1,4.61,CA,2021-05-02 22:03:22,clear sky
71,Ribeira Grande,38.5167,-28.7,61.03,83,100,10.31,PT,2021-05-02 22:01:09,overcast clouds
72,Nikolskoye,59.7035,30.7861,41.0,48,0,11.18,RU,2021-05-02 22:01:26,clear sky
73,Padang,-0.9492,100.3543,77.0,94,20,2.3,ID,2021-05-02 22:06:41,few clouds
74,Geraldton,-28.7667,114.6,50.0,81,0,3.44,AU,2021-05-02 22:09:12,clear sky
75,Fortuna,40.5982,-124.1573,62.01,77,40,17.27,US,2021-05-02 22:05:53,scattered clouds
76,Impfondo,1.6381,18.0667,71.64,96,100,2.44,CG,2021-05-02 22:09:14,light rain
77,Vaitape,-16.5167,-151.75,81.1,67,24,9.51,PF,2021-05-02 22:09:15,few clouds
78,Mehamn,71.0357,27.8492,22.23,69,51,3.18,NO,2021-05-02 22:02:25,broken clouds
79,Busselton,-33.65,115.3333,55.99,95,82,1.99,AU,2021-05-02 22:09:18,broken clouds
80,Berlevag,70.8578,29.0864,21.2,79,40,1.14,NO,2021-05-02 22:00:25,light snow
81,Leningradskiy,69.3833,178.4167,20.5,84,97,7.83,RU,2021-05-02 22:09:20,overcast clouds
82,Sitka,57.0531,-135.33,46.4,66,75,5.75,US,2021-05-02 22:03:55,broken clouds
83,Terrace,54.5163,-128.6035,53.6,54,75,5.75,CA,2021-05-02 22:09:22,broken clouds
84,Cherskiy,68.75,161.3,23.52,74,10,4.9,RU,2021-05-02 22:03:54,clear sky
85,Ukiah,39.1502,-123.2078,73.4,35,1,12.66,US,2021-05-02 22:00:44,clear sky
86,Bluff,-46.6,168.3333,50.0,89,21,3.0,NZ,2021-05-02 22:09:25,few clouds
87,Port Alfred,-33.5906,26.891,64.13,75,0,12.1,ZA,2021-05-02 22:00:44,clear sky
88,Sulangan,11.1373,123.7228,81.95,78,21,13.31,PH,2021-05-02 22:09:28,few clouds
89,Kodiak,57.79,-152.4072,41.0,87,90,18.41,US,2021-05-02 22:07:26,light rain
90,Tura,25.5198,90.2201,70.07,74,100,3.06,IN,2021-05-02 22:01:29,overcast clouds
91,Ratnagiri,16.9833,73.3,80.47,57,0,2.95,IN,2021-05-02 22:09:31,clear sky
92,Santa Marta,11.2408,-74.199,87.01,73,100,1.99,CO,2021-05-02 22:05:29,overcast clouds
93,Shenjiamen,29.9576,122.298,59.74,73,87,16.78,CN,2021-05-02 22:08:04,overcast clouds
94,Tuktoyaktuk,69.4541,-133.0374,24.8,80,90,5.75,CA,2021-05-02 22:00:29,overcast clouds
95,Alofi,-19.0595,-169.9187,77.0,88,93,11.5,NU,2021-05-02 22:09:35,overcast clouds
96,Cape Town,-33.9258,18.4232,66.2,45,0,10.36,ZA,2021-05-02 22:09:26,clear sky
97,Pravdinsk,54.4429,21.0179,37.4,93,75,17.9,RU,2021-05-02 22:09:37,light rain
98,Goderich,43.7501,-81.7165,71.6,49,100,8.05,CA,2021-05-02 22:09:39,overcast clouds
99,Saint-Pierre,-21.3393,55.4781,73.99,83,0,6.91,RE,2021-05-02 22:03:19,clear sky
100,Tiarei,-17.5333,-149.3333,86.0,66,20,14.97,PF,2021-05-02 22:09:41,few clouds
101,Cardston,49.2,-113.3019,48.2,53,98,6.91,CA,2021-05-02 22:09:42,overcast clouds
102,Moree,-29.4667,149.85,60.8,72,0,9.22,AU,2021-05-02 22:09:43,clear sky
103,Biskamzha,53.4497,89.5272,27.37,98,80,1.28,RU,2021-05-02 22:09:44,broken clouds
104,Bengkulu,-3.8004,102.2655,75.63,86,77,4.32,ID,2021-05-02 22:09:45,broken clouds
105,Port Elizabeth,-33.918,25.5701,64.4,72,40,10.36,ZA,2021-05-02 22:01:59,scattered clouds
106,Cockburn Town,21.4612,-71.1419,80.6,69,40,11.5,TC,2021-05-02 22:07:07,scattered clouds
107,Nichinan,31.6,131.3667,48.2,81,0,5.75,JP,2021-05-02 22:09:11,clear sky
108,Pisco,-13.7,-76.2167,69.8,73,0,21.85,PE,2021-05-02 22:03:03,clear sky
109,Punta Arenas,-53.15,-70.9167,39.2,87,40,8.05,CL,2021-05-02 22:09:50,scattered clouds
110,Srednekolymsk,67.45,153.6833,27.79,76,5,3.24,RU,2021-05-02 22:01:51,clear sky
111,Provideniya,64.3833,-173.3,28.06,53,99,15.21,RU,2021-05-02 22:09:52,overcast clouds
112,Saint-Philippe,-21.3585,55.7679,73.99,83,0,6.91,RE,2021-05-02 22:01:14,clear sky
113,Castro,-24.7911,-50.0119,61.57,80,28,3.24,BR,2021-05-02 22:01:05,scattered clouds
114,Laguna,38.421,-121.4238,84.99,13,1,20.71,US,2021-05-02 22:03:33,clear sky
115,Khatanga,71.9667,102.5,30.31,90,100,6.35,RU,2021-05-02 22:00:41,overcast clouds
116,Turukhansk,65.8167,87.9833,34.14,82,100,12.12,RU,2021-05-02 22:09:57,overcast clouds
117,Lyngdal,58.1376,7.07,44.01,68,39,13.0,NO,2021-05-02 22:09:58,scattered clouds
118,Ancud,-41.8697,-73.8203,52.0,71,75,8.05,CL,2021-05-02 22:01:01,broken clouds
119,Tallahassee,30.4383,-84.2807,81.0,54,90,6.91,US,2021-05-02 22:06:18,overcast clouds
120,Am Timan,11.0297,20.2827,93.56,19,52,0.74,TD,2021-05-02 22:10:01,broken clouds
121,Shimoda,34.6667,138.95,57.0,52,7,1.01,JP,2021-05-02 22:03:00,clear sky
122,Isiro,2.7739,27.616,65.35,97,100,1.34,CD,2021-05-02 22:10:03,light rain
123,Portland,45.5234,-122.6762,66.0,36,20,6.91,US,2021-05-02 22:07:22,few clouds
124,Wanning,18.8003,110.3967,78.1,84,60,9.64,CN,2021-05-02 22:07:20,broken clouds
125,Ust-Ordynskiy,52.805,104.7508,39.2,81,40,15.66,RU,2021-05-02 22:10:07,scattered clouds
126,Torbat-E Jam,35.244,60.6225,68.4,42,100,10.8,IR,2021-05-02 22:10:08,overcast clouds
127,Riyadh,24.6877,46.7219,89.6,11,75,8.05,SA,2021-05-02 22:05:47,broken clouds
128,Evreux,49.0241,1.1508,41.0,87,0,4.61,FR,2021-05-02 22:10:10,clear sky
129,Ahipara,-35.1667,173.1667,60.26,61,0,2.35,NZ,2021-05-02 22:06:16,clear sky
130,Saint Anthony,45.0205,-93.218,66.99,48,90,5.75,US,2021-05-02 22:01:50,overcast clouds
131,Kumbo,6.2,10.6667,63.52,82,100,1.74,CM,2021-05-02 22:07:09,light rain
132,Touros,-5.1989,-35.4608,80.6,74,40,9.22,BR,2021-05-02 22:00:47,scattered clouds
133,Guozhen,34.3659,107.359,54.28,98,100,2.21,CN,2021-05-02 22:10:15,overcast clouds
134,Longyearbyen,78.2186,15.6401,17.6,79,20,8.05,SJ,2021-05-02 22:10:16,few clouds
135,Upernavik,72.7868,-56.1549,31.28,79,16,7.23,GL,2021-05-02 22:00:45,few clouds
136,Ponta Delgada,37.7333,-25.6667,60.8,82,40,5.75,PT,2021-05-02 22:10:18,scattered clouds
137,Yellowknife,62.456,-114.3525,30.2,37,1,10.36,CA,2021-05-02 22:00:31,clear sky
138,Medeiros Neto,-17.3739,-40.2206,69.31,82,73,7.61,BR,2021-05-02 22:10:21,broken clouds
139,Grand Forks,47.9417,-97.4337,66.2,30,90,14.97,US,2021-05-02 22:10:22,overcast clouds
140,Faanui,-16.4833,-151.75,81.1,67,22,9.48,PF,2021-05-02 22:03:41,few clouds
141,Kumluca,36.3703,30.2869,77.81,42,60,4.14,TR,2021-05-02 22:10:24,broken clouds
142,Guerrero Negro,27.9769,-114.0611,67.53,59,13,18.88,MX,2021-05-02 22:10:26,few clouds
143,Ust-Kuyga,70.0167,135.6,31.05,91,100,4.25,RU,2021-05-02 22:10:27,overcast clouds
144,Dhidhdhoo,6.8833,73.1,83.86,71,91,3.87,MV,2021-05-02 22:10:28,overcast clouds
145,Sechura,-5.5569,-80.8222,76.95,62,23,16.04,PE,2021-05-02 22:10:30,few clouds
146,Arraial Do Cabo,-22.9661,-42.0278,73.4,78,40,4.61,BR,2021-05-02 22:10:31,scattered clouds
147,Nanortalik,60.1432,-45.2371,38.77,50,100,18.7,GL,2021-05-02 22:02:09,overcast clouds
148,Thompson,55.7435,-97.8558,33.8,60,40,8.05,CA,2021-05-02 22:10:33,scattered clouds
149,Lompoc,34.6391,-120.4579,61.0,77,75,17.27,US,2021-05-02 22:01:07,broken clouds
150,Puerto Ayora,-0.7393,-90.3518,86.0,58,40,13.8,EC,2021-05-02 22:10:35,scattered clouds
151,Huarmey,-10.0681,-78.1522,71.31,75,39,10.31,PE,2021-05-02 22:03:04,scattered clouds
152,Thinadhoo,0.5333,72.9333,82.38,73,100,7.85,MV,2021-05-02 22:10:38,overcast clouds
153,Morehead,37.2711,-87.1764,69.8,56,90,4.61,US,2021-05-02 22:10:39,moderate rain
154,Kavaratti,10.5669,72.642,84.06,75,89,4.61,IN,2021-05-02 22:10:40,overcast clouds
155,Tommot,58.9564,126.2925,35.56,99,100,0.89,RU,2021-05-02 22:10:41,overcast clouds
156,Mar Del Plata,-38.0023,-57.5575,68.0,83,75,2.3,AR,2021-05-02 22:01:07,moderate rain
157,Isangel,-19.55,169.2667,80.6,78,75,5.75,VU,2021-05-02 22:10:44,broken clouds
158,San Patricio,28.017,-97.5169,86.0,74,40,16.11,US,2021-05-02 22:04:37,scattered clouds
159,Doha,25.2867,51.5333,84.0,57,0,2.3,QA,2021-05-02 22:06:58,clear sky
160,Maniitsoq,65.4167,-52.9,37.76,63,0,8.46,GL,2021-05-02 22:10:47,clear sky
161,Tautira,-17.7333,-149.15,86.0,66,20,11.5,PF,2021-05-02 22:01:55,few clouds
162,Grand Gaube,-20.0064,57.6608,75.0,91,4,8.12,MU,2021-05-02 22:01:12,light rain
163,Te Anau,-45.4167,167.7167,47.62,86,55,1.32,NZ,2021-05-02 22:10:51,broken clouds
164,Tucupita,9.0622,-62.051,75.49,95,100,3.33,VE,2021-05-02 22:10:52,overcast clouds
165,Port Hedland,-20.3167,118.5667,68.0,100,12,4.61,AU,2021-05-02 22:08:20,few clouds
166,Haines Junction,60.7522,-137.5108,48.2,34,83,9.22,CA,2021-05-02 22:10:54,broken clouds
167,Taltal,-25.4,-70.4833,64.62,77,28,3.13,CL,2021-05-02 22:10:56,scattered clouds
168,Adrar,20.5022,-10.0711,88.25,18,97,7.72,MR,2021-05-02 22:02:23,overcast clouds
169,Kuching,1.55,110.3333,75.2,94,40,6.91,MY,2021-05-02 22:07:51,moderate rain
170,Kavieng,-2.5744,150.7967,82.78,74,85,3.31,PG,2021-05-02 22:03:17,overcast clouds
171,Bud,39.447,-86.1758,66.99,72,100,11.95,US,2021-05-02 22:11:00,light rain
172,Mahebourg,-20.4081,57.7,75.2,94,20,4.61,MU,2021-05-02 22:11:01,light rain
173,Mpulungu,-8.7623,31.1141,71.17,83,82,7.43,ZM,2021-05-02 22:11:02,broken clouds
174,Esperance,-33.8667,121.9,51.8,87,13,6.91,AU,2021-05-02 22:11:03,few clouds
175,Vagur,61.4732,-6.8119,38.93,62,85,11.74,FO,2021-05-02 22:06:12,overcast clouds
176,Warrington,53.3925,-2.5802,48.2,87,75,4.61,GB,2021-05-02 22:11:05,broken clouds
177,Gimli,50.6336,-96.9907,44.6,65,100,17.27,CA,2021-05-02 22:11:06,overcast clouds
178,Saint-Prosper,46.2117,-70.4811,55.4,30,52,8.05,CA,2021-05-02 22:11:08,broken clouds
179,Saint George,37.1041,-113.5841,82.99,14,1,13.8,US,2021-05-02 22:10:52,clear sky
180,Florianopolis,-27.6146,-48.5012,73.4,78,0,11.5,BR,2021-05-02 22:11:10,clear sky
181,Necochea,-38.5473,-58.7368,61.0,76,100,5.01,AR,2021-05-02 22:11:12,heavy intensity rain
182,Warri,5.5167,5.75,78.58,90,100,4.41,NG,2021-05-02 22:07:28,overcast clouds
183,Caravelas,-17.7125,-39.2481,73.15,76,37,6.69,BR,2021-05-02 22:11:15,scattered clouds
184,Airai,-8.9266,125.4092,57.83,89,57,3.69,TL,2021-05-02 22:01:57,broken clouds
185,Nome,64.5011,-165.4064,37.4,56,75,12.66,US,2021-05-02 22:02:19,broken clouds
186,Singaraja,-8.112,115.0882,78.3,78,19,3.0,ID,2021-05-02 22:11:19,few clouds
187,Kaka,37.3482,59.6143,71.74,48,96,9.01,TM,2021-05-02 22:11:20,overcast clouds
188,Port Lincoln,-34.7333,135.8667,60.67,70,100,10.13,AU,2021-05-02 22:04:17,light rain
189,Comodoro Rivadavia,-45.8667,-67.5,57.2,41,75,25.32,AR,2021-05-02 22:11:22,broken clouds
190,Tiksi,71.6872,128.8694,23.86,97,100,4.14,RU,2021-05-02 22:11:26,overcast clouds
191,Rio Hato,8.3833,-80.1667,84.2,74,20,8.05,PA,2021-05-02 22:11:28,few clouds
192,Burnie,-41.0667,145.9167,60.01,93,76,1.99,AU,2021-05-02 22:11:29,broken clouds
193,Latung,5.5,120.8833,83.32,70,43,4.32,PH,2021-05-02 22:11:30,scattered clouds
194,Puerto Escondido,15.85,-97.0667,84.2,79,40,11.45,MX,2021-05-02 22:06:58,scattered clouds
195,Almaty,43.25,76.95,55.4,82,90,6.71,KZ,2021-05-02 22:11:10,overcast clouds
196,Sterling,39.0062,-77.4286,82.4,28,75,14.97,US,2021-05-02 22:11:33,broken clouds
197,Hanzhong,33.0728,107.0303,60.21,94,100,2.24,CN,2021-05-02 22:11:34,overcast clouds
198,Codrington,-38.2667,141.9667,58.03,85,99,12.21,AU,2021-05-02 22:11:36,overcast clouds
199,Maracacume,-2.0428,-45.9592,73.67,97,98,3.2,BR,2021-05-02 22:11:38,overcast clouds
200,Kahului,20.8947,-156.47,82.4,57,40,23.02,US,2021-05-02 22:06:52,scattered clouds
201,Saldanha,-33.0117,17.9442,68.0,30,0,1.14,ZA,2021-05-02 22:11:40,clear sky
202,Eenhana,-17.4667,16.3333,64.89,52,62,4.56,NA,2021-05-02 22:11:42,broken clouds
203,Lasa,46.6166,10.7002,59.0,60,40,3.44,IT,2021-05-02 22:11:43,scattered clouds
204,Carutapera,-1.195,-46.02,75.97,89,100,4.97,BR,2021-05-02 22:11:44,overcast clouds
205,Greenwood,34.1668,-82.1165,81.0,47,75,8.05,US,2021-05-02 22:11:45,broken clouds
206,Rondonopolis,-16.4708,-54.6356,82.98,48,84,5.55,BR,2021-05-02 22:11:46,broken clouds
207,Pathein,16.7833,94.7333,79.14,80,0,4.92,MM,2021-05-02 22:11:47,clear sky
208,Along,28.1667,94.7667,66.83,93,93,1.97,IN,2021-05-02 22:05:51,overcast clouds
209,Bad Frankenhausen,51.35,11.1,41.0,68,27,1.99,DE,2021-05-02 22:11:50,scattered clouds
210,Paka,4.6374,103.4368,75.2,100,84,1.92,MY,2021-05-02 22:11:52,broken clouds
211,Sibolga,1.7427,98.7792,75.33,84,65,4.36,ID,2021-05-02 22:11:53,broken clouds
212,Sivaki,52.6333,126.75,41.79,59,100,11.61,RU,2021-05-02 22:11:54,overcast clouds
213,Yulara,-25.2406,130.9889,59.0,47,99,6.91,AU,2021-05-02 22:11:55,overcast clouds
214,Cuamba,-14.8031,36.5372,64.65,88,37,8.7,MZ,2021-05-02 22:11:56,scattered clouds
215,Prince Rupert,54.3161,-130.3201,50.0,81,90,6.91,CA,2021-05-02 22:11:57,light rain
216,Constantine,36.365,6.6147,55.4,94,75,6.91,DZ,2021-05-02 22:07:48,broken clouds
217,Nouadhibou,20.931,-17.0347,66.2,72,0,19.57,MR,2021-05-02 22:11:05,clear sky
218,Lubango,-14.9172,13.4925,59.72,90,88,3.51,AO,2021-05-02 22:12:00,light rain
219,Banda Aceh,5.5577,95.3222,80.53,77,97,4.65,ID,2021-05-02 22:12:03,overcast clouds
220,Kawalu,-7.3817,108.2082,72.19,96,79,1.39,ID,2021-05-02 22:12:05,broken clouds
221,Korla,41.7597,86.1469,55.54,22,5,2.51,CN,2021-05-02 22:05:49,clear sky
222,Ambalavao,-21.8333,46.9333,61.74,94,100,2.77,MG,2021-05-02 22:12:07,overcast clouds
223,Mortara,45.2473,8.7355,57.0,69,85,1.99,IT,2021-05-02 22:12:08,overcast clouds
224,Ode,7.7899,5.7117,75.29,89,100,9.89,NG,2021-05-02 22:12:09,overcast clouds
225,Basi,26.8333,76.0333,84.2,30,40,1.14,IN,2021-05-02 22:12:10,haze
226,Tuatapere,-46.1333,167.6833,50.0,89,32,3.0,NZ,2021-05-02 22:03:29,scattered clouds
227,Rafaela,-31.2503,-61.4867,69.53,68,54,7.25,AR,2021-05-02 22:12:14,broken clouds
228,Lata,40.1629,-8.3327,55.99,72,45,8.01,PT,2021-05-02 22:12:15,scattered clouds
229,Taoudenni,22.6783,-3.9836,82.31,49,47,15.26,ML,2021-05-02 22:06:47,scattered clouds
230,Lewistown,40.5992,-77.5714,78.8,73,1,5.75,US,2021-05-02 22:12:17,haze
231,Segou,13.4317,-6.2157,91.85,33,60,14.83,ML,2021-05-02 22:07:23,broken clouds
232,Lebu,-37.6167,-73.65,54.59,91,100,6.51,CL,2021-05-02 22:05:12,overcast clouds
233,Klaksvik,62.2266,-6.589,35.6,69,20,8.05,FO,2021-05-02 22:05:04,few clouds
234,Abalak,58.1286,68.5944,43.02,88,99,5.21,RU,2021-05-02 22:12:23,overcast clouds
235,Cidreira,-30.1811,-50.2056,68.88,80,53,8.86,BR,2021-05-02 22:12:24,broken clouds
236,Harper,4.375,-7.7169,81.01,80,100,9.33,LR,2021-05-02 22:12:26,overcast clouds
237,Rudbar,30.15,62.6,78.03,41,29,9.1,AF,2021-05-02 22:12:27,scattered clouds
238,Rocha,-34.4833,-54.3333,63.66,84,100,5.35,UY,2021-05-02 22:12:29,overcast clouds
239,Biak,-0.9131,122.8766,75.96,82,45,5.1,ID,2021-05-02 22:12:30,scattered clouds
240,Atambua,-9.1061,124.8925,69.78,89,13,4.74,ID,2021-05-02 22:12:31,few clouds
241,Fort Nelson,58.8053,-122.7002,55.4,33,40,10.36,CA,2021-05-02 22:10:28,scattered clouds
242,Kaitangata,-46.2817,169.8464,51.84,64,81,4.68,NZ,2021-05-02 22:12:34,broken clouds
243,Sarai,53.7458,41.0213,50.27,92,100,9.78,RU,2021-05-02 22:12:36,overcast clouds
244,Hayden,47.766,-116.7866,64.0,29,40,5.75,US,2021-05-02 22:12:37,scattered clouds
245,Chokurdakh,70.6333,147.9167,15.73,94,71,4.74,RU,2021-05-02 22:12:38,broken clouds
246,Mount Isa,-20.7333,139.5,68.0,52,0,9.44,AU,2021-05-02 22:12:39,clear sky
247,Luan,46.3592,6.9759,42.01,89,98,0.76,CH,2021-05-02 22:12:40,overcast clouds
248,San Policarpo,12.1791,125.5072,80.28,85,65,13.49,PH,2021-05-02 22:12:41,broken clouds
249,Sungaipenuh,-2.0833,101.3833,64.31,96,87,4.23,ID,2021-05-02 22:12:42,overcast clouds
250,Weligama,5.9667,80.4167,77.27,88,99,3.13,LK,2021-05-02 22:09:28,overcast clouds
251,Ghanzi,-21.5667,21.7833,60.03,54,41,8.93,BW,2021-05-02 22:12:44,scattered clouds
252,Dingle,10.9995,122.6711,77.52,88,71,7.9,PH,2021-05-02 22:12:47,broken clouds
253,Poum,-20.2333,164.0167,76.32,75,20,10.42,NC,2021-05-02 22:12:49,few clouds
254,Cordoba,-31.4135,-64.1811,73.0,60,0,6.91,AR,2021-05-02 22:10:17,clear sky
255,Kipushi,-11.7667,27.2333,61.02,96,82,7.36,CD,2021-05-02 22:12:51,broken clouds
256,Zuya,45.0531,34.3154,62.69,45,100,7.96,UA,2021-05-02 22:12:52,overcast clouds
257,San Jose De Las Lajas,22.9614,-82.1511,89.6,48,20,9.22,CU,2021-05-02 22:12:53,few clouds
258,Opuwo,-18.0607,13.84,65.21,71,21,7.38,NA,2021-05-02 22:12:55,light rain
259,Rawson,-43.3002,-65.1023,59.94,39,89,12.01,AR,2021-05-02 22:10:49,overcast clouds
260,Kudahuvadhoo,2.6708,72.8944,83.5,67,100,4.61,MV,2021-05-02 22:12:57,overcast clouds
261,Benxi,41.2886,123.765,60.01,37,0,6.71,CN,2021-05-02 22:12:58,clear sky
262,Manadhoo,5.7667,73.3833,82.78,74,100,3.02,MV,2021-05-02 22:12:59,overcast clouds
263,Okha,53.5739,142.9478,31.12,92,99,18.5,RU,2021-05-02 22:03:20,overcast clouds
264,Itaqui,-29.1253,-56.5531,71.58,69,60,6.62,BR,2021-05-02 22:13:01,broken clouds
265,Kozhevnikovo,56.2589,83.9714,46.99,49,100,14.79,RU,2021-05-02 22:13:02,overcast clouds
266,Bandarbeyla,9.4942,50.8122,83.26,74,78,6.67,SO,2021-05-02 22:03:23,light rain
267,Broome,42.2506,-75.833,66.0,63,1,8.05,US,2021-05-02 22:13:04,clear sky
268,Kalakamati,-20.5929,27.3121,55.35,65,47,12.3,BW,2021-05-02 22:13:06,scattered clouds
269,Chulman,56.8479,124.9104,33.64,99,100,2.01,RU,2021-05-02 22:13:08,snow
270,Takoradi,4.8845,-1.7554,81.16,85,94,8.61,GH,2021-05-02 22:13:09,overcast clouds
271,Saskylakh,71.9167,114.0833,27.86,87,100,6.69,RU,2021-05-02 22:13:10,overcast clouds
272,Los Llanos De Aridane,28.6585,-17.9182,64.4,63,20,8.05,ES,2021-05-02 22:13:11,few clouds
273,Tezu,27.9167,96.1667,69.8,65,6,2.62,IN,2021-05-02 22:13:12,clear sky
274,Bambous Virieux,-20.3428,57.7575,75.2,94,20,4.61,MU,2021-05-02 22:13:14,light rain
275,Kiunga,-6.1219,141.2906,74.35,95,93,2.95,PG,2021-05-02 22:13:15,overcast clouds
276,Lavrentiya,65.5833,-171.0,22.86,78,90,14.45,RU,2021-05-02 22:12:15,overcast clouds
277,Pechora,65.1472,57.2244,32.99,62,100,18.84,RU,2021-05-02 22:13:17,overcast clouds
278,Japura,-0.3167,102.35,72.52,98,92,1.68,ID,2021-05-02 22:13:19,overcast clouds
279,Mkushi,-13.6202,29.3939,59.29,94,100,8.41,ZM,2021-05-02 22:13:20,overcast clouds
280,Buin,-33.7333,-70.75,64.4,45,75,3.44,CL,2021-05-02 22:13:21,broken clouds
281,Conde,-7.2597,-34.9075,77.0,88,0,5.75,BR,2021-05-02 22:13:22,clear sky
282,Santo Antonio Do Ica,-3.1022,-67.9397,75.33,97,99,1.54,BR,2021-05-02 22:13:23,overcast clouds
283,Kampong Chhnang,12.1667,104.55,80.65,75,95,6.87,KH,2021-05-02 22:13:24,overcast clouds
284,Alice Springs,-23.7,133.8833,53.6,62,77,4.61,AU,2021-05-02 22:12:15,broken clouds
285,Aqtobe,50.2797,57.2072,50.0,53,0,6.71,KZ,2021-05-02 22:02:40,clear sky
286,West Bay,19.3667,-81.4167,84.2,65,20,10.36,KY,2021-05-02 22:13:27,few clouds
287,Porto Torres,40.835,8.3972,50.0,100,0,1.14,IT,2021-05-02 22:13:28,clear sky
288,Angoche,-16.2325,39.9086,74.35,87,86,12.53,MZ,2021-05-02 22:13:29,light rain
289,Zaysan,47.4667,84.8667,38.73,32,0,2.77,KZ,2021-05-02 22:13:31,clear sky
290,Chebarkul,54.9749,60.3633,47.61,88,100,2.48,RU,2021-05-02 22:13:33,overcast clouds
291,Meadow Lake,34.8014,-106.5436,86.0,6,20,12.66,US,2021-05-02 22:13:34,few clouds
292,Urengoy,65.9667,78.3667,32.32,99,100,6.24,RU,2021-05-02 22:13:35,light snow
293,Bubaque,11.2833,-15.8333,77.81,72,100,23.33,GW,2021-05-02 22:13:36,overcast clouds
294,Vila Velha,-20.3297,-40.2925,71.6,83,40,9.22,BR,2021-05-02 22:13:18,scattered clouds
295,Lorengau,-2.0226,147.2712,82.36,73,90,1.01,PG,2021-05-02 22:13:38,overcast clouds
296,Boshnyakovo,49.6333,142.1667,32.99,87,100,19.35,RU,2021-05-02 22:13:39,heavy snow
297,Umm Lajj,25.0213,37.2685,80.62,51,0,5.75,SA,2021-05-02 22:05:31,clear sky
298,Praya,14.9215,-23.5087,69.8,73,20,17.27,CV,2021-05-02 22:13:41,few clouds
299,Mahibadhoo,3.7833,72.9667,83.57,69,99,5.12,MV,2021-05-02 22:02:01,overcast clouds
300,Digha,21.6833,87.55,80.74,81,29,13.0,IN,2021-05-02 22:13:43,scattered clouds
301,Melfi,40.9965,15.6514,44.6,87,40,20.71,IT,2021-05-02 22:13:44,scattered clouds
302,Grafton,42.207,-71.6856,64.99,63,90,16.11,US,2021-05-02 22:13:46,light rain
303,Maridi,4.9158,29.4742,67.28,98,100,4.27,SS,2021-05-02 22:13:47,moderate rain
304,Ayr,55.4627,-4.6339,44.6,65,20,3.44,GB,2021-05-02 22:13:48,few clouds
305,Trinidad,-14.8333,-64.9,87.8,58,20,2.95,BO,2021-05-02 22:13:50,few clouds
306,Aklavik,68.2191,-135.0107,35.6,60,75,5.75,CA,2021-05-02 22:13:51,broken clouds
307,Port Keats,-14.25,129.55,71.1,57,4,7.29,AU,2021-05-02 22:13:52,clear sky
308,Muros,42.7762,-9.0603,51.01,72,0,1.99,ES,2021-05-02 22:04:33,clear sky
309,Malindi,-3.2175,40.1191,79.29,85,71,14.58,KE,2021-05-02 22:13:54,light rain
310,Arrecife,28.963,-13.5477,66.2,59,20,12.66,ES,2021-05-02 22:13:56,few clouds
311,Puerto Madero,14.7208,-92.4215,82.4,78,75,11.5,MX,2021-05-02 22:13:58,broken clouds
312,Tyukhtet,56.5389,89.3011,39.78,76,97,11.92,RU,2021-05-02 22:13:59,overcast clouds
313,Tel Aviv-Yafo,32.0805,34.7805,70.0,49,0,3.44,IL,2021-05-02 22:14:00,clear sky
314,Staryy Nadym,65.6118,72.6842,24.58,80,15,9.86,RU,2021-05-02 22:14:01,few clouds
315,Hualmay,-11.0964,-77.6139,70.23,77,17,9.66,PE,2021-05-02 22:14:02,few clouds
316,Colquiri,-17.4167,-67.1333,62.6,23,83,6.91,BO,2021-05-02 22:14:03,broken clouds
317,Rolla,37.9514,-91.7713,64.99,88,90,9.22,US,2021-05-02 22:14:04,overcast clouds
318,Banff,51.1762,-115.5698,50.0,29,65,4.61,CA,2021-05-02 22:09:34,broken clouds
319,Sao Sebastiao,-23.76,-45.4097,68.67,88,13,5.19,BR,2021-05-02 22:14:06,few clouds
320,Waddan,29.1614,16.139,87.22,9,16,11.25,LY,2021-05-02 22:14:07,few clouds
321,Fare,-16.7,-151.0167,80.85,72,13,10.58,PF,2021-05-02 22:14:09,few clouds
322,Katherine,-14.4667,132.2667,62.6,88,1,4.61,AU,2021-05-02 22:04:24,clear sky
323,Fukue,32.6881,128.8419,57.0,59,79,3.89,JP,2021-05-02 22:14:12,broken clouds
324,Sunrise Manor,36.2111,-115.0731,87.8,7,1,26.46,US,2021-05-02 22:14:13,clear sky
325,Bichura,50.5881,107.6022,36.93,89,100,12.75,RU,2021-05-02 22:12:14,overcast clouds
326,Paamiut,61.994,-49.6678,40.12,62,31,9.22,GL,2021-05-02 22:05:37,scattered clouds
327,Port Blair,11.6667,92.75,83.16,77,23,6.31,IN,2021-05-02 22:14:16,few clouds
328,Kostyantynivka,48.5277,37.7069,62.33,73,100,12.93,UA,2021-05-02 22:14:17,light rain
329,Grindavik,63.8424,-22.4338,39.2,70,0,17.27,IS,2021-05-02 22:14:18,clear sky
330,Aanekoski,62.6946,25.818,33.01,80,0,1.14,FI,2021-05-02 22:14:19,clear sky
331,Port Shepstone,-30.7414,30.455,62.91,80,0,6.4,ZA,2021-05-02 22:14:20,clear sky
332,Manjacaze,-24.7117,33.8828,63.68,81,64,5.41,MZ,2021-05-02 22:14:21,broken clouds
333,Fayaoue,-20.65,166.5333,76.64,78,13,21.27,NC,2021-05-02 22:14:22,few clouds
334,Port-Gentil,-0.7193,8.7815,82.4,89,20,10.36,GA,2021-05-02 22:14:23,few clouds
335,Acapulco,16.8634,-99.8901,84.2,61,40,16.11,MX,2021-05-02 22:12:13,scattered clouds
336,Yerbogachen,61.2767,108.0108,30.74,89,74,2.84,RU,2021-05-02 22:14:25,broken clouds
337,San Quintin,30.4833,-115.95,63.18,65,10,17.09,MX,2021-05-02 22:14:26,clear sky
338,Porto Novo,6.4965,2.6036,86.0,79,40,13.8,BJ,2021-05-02 22:14:27,scattered clouds
339,Mahon,39.8885,4.2658,59.0,77,40,8.05,ES,2021-05-02 22:14:29,scattered clouds
340,Hasaki,35.7333,140.8333,53.6,54,75,8.05,JP,2021-05-02 22:14:30,broken clouds
341,La Ronge,55.1001,-105.2842,30.2,74,100,9.22,CA,2021-05-02 22:14:31,overcast clouds
342,Moquegua,-17.1956,-70.9353,69.55,44,67,5.97,PE,2021-05-02 22:10:44,broken clouds
343,Marsh Harbour,26.5412,-77.0636,79.16,71,85,9.55,BS,2021-05-02 22:00:03,overcast clouds
344,Asfi,32.2994,-9.2372,61.79,66,100,21.81,MA,2021-05-02 22:11:47,overcast clouds
345,Rockingham,42.9668,-71.0995,71.6,28,75,9.22,US,2021-05-02 22:14:35,broken clouds
346,Nanyang,32.9947,112.5328,59.31,51,100,6.71,CN,2021-05-02 22:14:36,light rain
347,Henties Bay,-22.116,14.2845,66.99,72,1,1.99,NA,2021-05-02 22:14:37,clear sky
348,Umarkot,25.3616,69.7362,82.33,43,0,10.83,PK,2021-05-02 22:14:38,clear sky
349,Bima,-8.4667,118.7167,73.22,93,35,3.69,ID,2021-05-02 22:14:39,scattered clouds
350,Sayansk,54.1088,102.1648,34.93,79,99,14.07,RU,2021-05-02 22:14:41,overcast clouds
351,Jinchang,38.4953,102.1739,48.33,20,29,19.17,CN,2021-05-02 22:14:42,scattered clouds
352,Krasnyy Kut,50.95,46.9667,56.77,68,13,8.03,RU,2021-05-02 22:14:43,few clouds
353,Dumai,1.6833,101.45,73.31,98,100,2.84,ID,2021-05-02 22:14:45,overcast clouds
354,Basar,27.9833,94.6667,64.62,95,97,2.33,IN,2021-05-02 22:14:46,overcast clouds
355,San Ramon,37.7799,-121.978,82.0,29,1,14.97,US,2021-05-02 22:14:31,clear sky
356,Katsuura,35.1333,140.3,57.99,41,75,9.22,JP,2021-05-02 22:14:48,broken clouds
357,Vila,42.0304,-8.1588,46.99,74,9,3.0,PT,2021-05-02 22:14:49,clear sky
358,Tual,-5.6667,132.75,81.27,79,100,17.98,ID,2021-05-02 22:14:50,overcast clouds
359,Shestakovo,56.4915,103.96,34.3,97,100,8.88,RU,2021-05-02 22:14:51,light snow
360,Macau,22.2006,113.5461,77.0,83,40,6.91,MO,2021-05-02 22:14:52,moderate rain
361,Puerto Narino,-3.7703,-70.3831,84.2,74,40,4.61,CO,2021-05-02 22:14:53,light rain
362,Maceio,-9.6658,-35.7353,73.4,94,75,5.75,BR,2021-05-02 22:13:52,broken clouds
363,Severo-Kurilsk,50.6789,156.125,35.13,97,100,27.63,RU,2021-05-02 22:14:55,moderate rain
364,Dudinka,69.4058,86.1778,28.63,93,100,10.78,RU,2021-05-02 22:14:06,overcast clouds
365,Xinqing,48.2333,129.5,45.66,48,89,1.3,CN,2021-05-02 22:11:13,overcast clouds
366,Morristown,36.214,-83.2949,73.4,46,90,4.61,US,2021-05-02 22:14:58,overcast clouds
367,Oranjestad,12.524,-70.027,82.99,74,20,19.57,AW,2021-05-02 22:14:59,few clouds
368,Waidhofen,48.5833,11.3333,42.8,87,75,3.44,DE,2021-05-02 22:15:01,broken clouds
369,Iqaluit,63.7506,-68.5145,39.2,70,75,6.91,CA,2021-05-02 22:15:02,broken clouds
370,Davila,18.4726,120.5763,77.0,88,20,2.3,PH,2021-05-02 22:15:03,few clouds
371,Magadan,59.5667,150.8,34.86,66,24,6.17,RU,2021-05-02 22:15:04,few clouds
372,Ostrovnoy,68.0531,39.5131,21.29,85,60,13.02,RU,2021-05-02 22:15:05,broken clouds
373,Suluq,31.6682,20.2521,90.57,11,100,8.34,LY,2021-05-02 22:15:07,overcast clouds
374,Maketu,-37.7667,176.45,59.0,68,27,1.99,NZ,2021-05-02 22:15:08,scattered clouds
375,Senneterre,48.3835,-77.2328,44.6,36,40,12.66,CA,2021-05-02 22:15:09,scattered clouds
376,Vanimo,-2.6741,141.3028,78.82,85,97,3.67,PG,2021-05-02 22:15:10,overcast clouds
377,Belyy Yar,53.6039,91.3903,32.0,80,0,2.24,RU,2021-05-02 22:15:11,clear sky
378,Penzance,50.1186,-5.5371,46.99,81,20,12.35,GB,2021-05-02 22:15:12,few clouds
379,Calabazar De Sagua,22.6447,-79.8961,89.6,33,40,18.41,CU,2021-05-02 22:15:14,scattered clouds
380,The Valley,18.217,-63.0578,84.2,69,40,12.66,AI,2021-05-02 22:13:42,scattered clouds
381,Kununurra,-15.7667,128.7333,64.4,94,2,2.3,AU,2021-05-02 22:15:16,clear sky
382,Hambantota,6.1241,81.1185,77.0,100,40,3.44,LK,2021-05-02 22:15:17,scattered clouds
383,Gazojak,41.1875,61.4036,69.03,21,19,10.74,TM,2021-05-02 22:15:19,few clouds
384,Winsum,53.33,6.5208,39.99,87,22,5.75,NL,2021-05-02 22:15:20,few clouds
385,Torbay,47.6666,-52.7314,45.0,49,75,27.63,CA,2021-05-02 22:15:21,broken clouds
386,Dunavarsany,47.2786,19.0662,51.01,71,75,18.41,HU,2021-05-02 22:15:22,broken clouds
387,Meiktila,20.8667,95.8667,77.25,73,12,11.01,MM,2021-05-02 22:15:25,few clouds
388,Zhaotong,27.3167,103.7167,58.37,66,1,0.11,CN,2021-05-02 22:15:26,clear sky
389,Maldonado,-34.6667,-54.9167,71.01,77,0,4.61,UY,2021-05-02 22:15:27,clear sky
390,Mpraeso,6.5932,-0.7346,72.18,96,94,4.7,GH,2021-05-02 22:15:28,light rain
391,Aksu,41.1231,80.2644,64.15,28,95,5.06,CN,2021-05-02 22:15:30,overcast clouds
392,Lepe,37.2548,-7.2043,60.01,55,100,5.01,ES,2021-05-02 22:15:31,overcast clouds
393,Lydenburg,-25.0978,30.4597,42.01,95,0,2.42,ZA,2021-05-02 22:15:33,clear sky
394,Sorkjosen,69.8,20.9333,23.14,77,63,9.69,NO,2021-05-02 22:15:34,broken clouds
395,Whitianga,-36.8333,175.7,62.01,78,0,1.99,NZ,2021-05-02 22:15:35,clear sky
396,Kolokani,13.5728,-8.0339,85.87,39,67,10.04,ML,2021-05-02 22:15:36,broken clouds
397,Nampula,-15.1165,39.2666,68.0,100,75,12.66,MZ,2021-05-02 22:15:37,broken clouds
398,Jatiroto,-7.8833,111.1167,73.09,91,39,1.77,ID,2021-05-02 22:15:38,scattered clouds
399,Coihaique,-45.5752,-72.0662,42.8,81,75,3.44,CL,2021-05-02 22:15:39,broken clouds
400,Sabha,27.0377,14.4283,85.68,7,3,12.3,LY,2021-05-02 22:15:40,clear sky
401,Buritis,-15.6178,-46.4233,70.59,60,97,3.87,BR,2021-05-02 22:15:42,overcast clouds
402,Talcahuano,-36.7167,-73.1167,57.2,94,90,1.14,CL,2021-05-02 22:15:43,heavy intensity rain
403,Sesheke,-17.4759,24.2968,66.09,75,94,6.06,ZM,2021-05-02 22:15:45,overcast clouds
404,Sorland,67.667,12.6934,37.2,61,31,16.71,NO,2021-05-02 22:06:50,scattered clouds
405,Machali,-34.1833,-70.6667,64.4,59,75,4.61,CL,2021-05-02 22:15:47,haze
406,Otjimbingwe,-22.35,16.1333,69.24,52,88,2.17,NA,2021-05-02 22:15:48,overcast clouds
407,Lubao,14.9167,120.55,77.0,78,40,2.3,PH,2021-05-02 22:15:49,scattered clouds
408,Dongsheng,39.8161,109.9776,49.62,81,39,13.27,CN,2021-05-02 22:15:50,scattered clouds
409,Stillwater,36.1156,-97.0584,78.8,57,90,10.36,US,2021-05-02 22:13:46,overcast clouds
410,Ponta Do Sol,32.6667,-17.1,57.0,84,97,4.0,PT,2021-05-02 22:15:52,overcast clouds
411,Rovaniemi,66.5,25.7167,28.4,100,90,6.91,FI,2021-05-02 22:15:53,fog
412,Altay,47.8667,88.1167,34.48,35,0,9.69,CN,2021-05-02 22:15:56,clear sky
413,Mwinilunga,-11.7358,24.4293,62.35,95,99,9.46,ZM,2021-05-02 22:15:57,overcast clouds
414,Havelock,34.8791,-76.9013,73.99,61,97,11.99,US,2021-05-02 22:15:58,overcast clouds
415,Skelleftea,64.7507,20.9528,28.99,86,88,4.61,SE,2021-05-02 22:15:59,overcast clouds
416,Manyana,-23.4,21.7167,58.03,47,0,8.66,BW,2021-05-02 22:16:01,clear sky
417,Acari,-15.4311,-74.6158,75.13,66,20,6.08,PE,2021-05-02 22:16:02,few clouds
418,Kisangani,0.5167,25.2,68.9,97,100,0.38,CD,2021-05-02 22:16:03,overcast clouds
419,Kloulklubed,7.0419,134.2556,78.8,89,90,10.36,PW,2021-05-02 22:16:04,overcast clouds
420,Batasan,12.7667,120.7833,81.5,70,44,4.43,PH,2021-05-02 22:16:05,scattered clouds
421,Manzhouli,49.6,117.4333,45.12,56,100,8.68,CN,2021-05-02 22:16:06,overcast clouds
422,Knysna,-34.0363,23.0471,53.6,82,0,4.61,ZA,2021-05-02 22:16:07,clear sky
423,General Pico,-35.6566,-63.7568,67.12,66,77,4.99,AR,2021-05-02 22:16:08,broken clouds
424,Kokopo,-4.352,152.2633,80.02,79,98,2.08,PG,2021-05-02 22:16:10,overcast clouds
425,Olafsvik,64.8945,-23.7142,37.51,55,0,12.28,IS,2021-05-02 22:16:11,clear sky
426,Carauari,-4.8828,-66.8958,73.15,98,100,0.92,BR,2021-05-02 22:16:12,overcast clouds
427,Barhi,23.9,80.8,78.08,42,52,5.64,IN,2021-05-02 22:16:13,broken clouds
428,Bosaso,11.2842,49.1816,80.74,79,100,8.86,SO,2021-05-02 22:16:14,light rain
429,Campoalegre,2.6849,-75.3231,76.98,86,91,1.66,CO,2021-05-02 22:16:15,heavy intensity rain
430,Batesville,35.7698,-91.641,66.0,100,90,6.91,US,2021-05-02 22:16:16,light rain
431,Hirara,24.8,125.2833,71.6,78,75,6.91,JP,2021-05-02 22:16:17,broken clouds
432,Pangnirtung,66.1451,-65.7125,36.5,86,15,1.52,CA,2021-05-02 22:16:18,few clouds
433,Boma,7.0805,-2.1697,73.74,97,88,1.54,GH,2021-05-02 22:16:20,light rain
434,Port Macquarie,-31.4333,152.9167,63.0,99,15,1.99,AU,2021-05-02 22:11:53,few clouds
435,Talnakh,69.4865,88.3972,20.91,95,40,7.78,RU,2021-05-02 22:16:22,scattered clouds
436,Catalina,32.5056,-110.9211,91.99,6,0,5.99,US,2021-05-02 22:16:23,clear sky
437,Itumba,-9.4,33.1833,61.07,97,65,4.56,TZ,2021-05-02 22:16:24,broken clouds
438,Yaan,7.3833,8.5667,80.51,68,100,9.01,NG,2021-05-02 22:16:25,overcast clouds
439,Sierra Vista,31.5545,-110.3037,82.4,7,1,28.77,US,2021-05-02 22:16:26,clear sky
440,Choix,26.7092,-108.3219,93.56,18,12,10.51,MX,2021-05-02 22:16:27,few clouds
441,Soure,-0.7167,-48.5233,78.26,84,43,10.58,BR,2021-05-02 22:16:28,scattered clouds
442,Chernyshevskiy,63.0128,112.4714,31.19,98,94,0.38,RU,2021-05-02 22:16:30,overcast clouds
443,Tripoli,32.8752,13.1875,66.54,79,100,9.13,LY,2021-05-02 22:14:27,overcast clouds
444,Gushikawa,26.3544,127.8686,68.0,88,1,6.91,JP,2021-05-02 22:16:32,clear sky
445,Umm Kaddadah,13.6017,26.6876,84.63,17,5,10.02,SD,2021-05-02 22:16:33,clear sky
446,Hilton Head Island,32.2163,-80.7526,75.99,78,1,6.91,US,2021-05-02 22:16:30,clear sky
447,Coquimbo,-29.9533,-71.3436,60.8,67,0,9.22,CL,2021-05-02 22:16:35,clear sky
448,San Cristobal,7.7669,-72.225,77.0,83,75,16.11,VE,2021-05-02 22:16:36,broken clouds
449,Solnechnyy,50.7214,136.6319,31.95,77,100,11.45,RU,2021-05-02 22:16:37,overcast clouds
450,Chapais,49.7834,-74.8492,33.8,51,90,11.5,CA,2021-05-02 22:16:38,overcast clouds
451,Nuuk,64.1835,-51.7216,39.2,65,0,11.5,GL,2021-05-02 22:16:39,clear sky
452,Leh,34.1667,77.5833,39.34,43,60,4.12,IN,2021-05-02 22:16:40,broken clouds
453,Sao Miguel Do Araguaia,-13.275,-50.1628,76.87,66,48,3.15,BR,2021-05-02 22:16:41,scattered clouds
454,Valparaiso,-33.0393,-71.6273,59.0,88,0,3.44,CL,2021-05-02 22:12:07,clear sky
455,Veracruz,19.3333,-96.6667,91.0,55,1,4.61,MX,2021-05-02 22:12:32,clear sky
456,Vikindu,-7.0067,39.2985,77.0,94,20,4.61,TZ,2021-05-02 22:16:44,light rain
457,Mayumba,-3.432,10.6554,78.67,89,82,3.53,GA,2021-05-02 22:16:45,broken clouds
458,Horta,38.5333,-28.6333,60.21,83,100,10.2,PT,2021-05-02 22:16:46,overcast clouds
459,San Angelo,31.4638,-100.437,96.01,18,1,12.66,US,2021-05-02 22:13:21,clear sky
460,Asosa,10.0667,34.5333,67.98,63,100,1.79,ET,2021-05-02 22:16:48,overcast clouds
461,Sambava,-14.2667,50.1667,75.54,90,27,5.35,MG,2021-05-02 22:12:07,scattered clouds
462,Lima,-12.0432,-77.0282,69.01,77,0,10.36,PE,2021-05-02 22:13:29,clear sky
463,Beni,0.5,29.4667,61.9,97,92,2.17,CD,2021-05-02 22:16:51,overcast clouds
464,Ust-Nera,64.5667,143.2,36.12,94,98,4.18,RU,2021-05-02 22:16:53,overcast clouds
465,Beringovskiy,63.05,179.3167,20.34,83,98,15.7,RU,2021-05-02 22:12:15,overcast clouds
466,Moron,-34.6534,-58.6198,73.99,73,68,6.13,AR,2021-05-02 22:16:55,broken clouds
467,Shingu,33.7333,135.9833,53.53,64,44,5.1,JP,2021-05-02 22:16:56,scattered clouds
468,Moyobamba,-6.05,-76.9667,74.55,83,80,3.13,PE,2021-05-02 22:16:57,broken clouds
469,Kailua,21.4022,-157.7394,84.2,45,40,17.27,US,2021-05-02 22:12:15,scattered clouds
470,Gambela,8.25,34.5833,73.8,80,100,5.3,ET,2021-05-02 22:16:12,overcast clouds
471,Grand Bend,43.3168,-81.7498,75.2,53,88,12.66,CA,2021-05-02 22:15:08,overcast clouds
472,Buala,-8.145,159.5921,82.17,76,93,1.32,SB,2021-05-02 22:17:01,light rain
473,Rio Gallegos,-51.6226,-69.2181,42.8,75,40,12.66,AR,2021-05-02 22:17:02,scattered clouds
474,Kungurtug,50.5994,97.5228,20.59,93,35,2.24,RU,2021-05-02 22:17:03,scattered clouds
475,Vao,-22.6667,167.4833,74.43,73,35,21.43,NC,2021-05-02 22:17:04,scattered clouds
476,Taboshar,40.5686,69.6413,62.6,72,95,2.57,TJ,2021-05-02 22:17:05,overcast clouds
477,Yining,29.0361,114.5636,68.18,87,98,1.92,CN,2021-05-02 22:17:06,overcast clouds
478,Kimbe,-5.5502,150.1429,79.56,77,80,2.89,PG,2021-05-02 22:17:08,broken clouds
479,Okato,-39.2,173.8833,48.99,98,6,1.07,NZ,2021-05-02 22:17:09,clear sky
480,Anloga,5.7947,0.8973,84.2,84,20,11.5,GH,2021-05-02 22:17:10,light rain
481,Karabulak,43.3036,44.8964,53.6,87,0,4.47,RU,2021-05-02 22:17:11,clear sky
482,Namibe,-15.1961,12.1522,78.1,60,0,5.73,AO,2021-05-02 22:17:12,clear sky
483,Vila Franca Do Campo,37.7167,-25.4333,60.8,82,20,6.91,PT,2021-05-02 22:17:13,few clouds
484,Merauke,-8.4667,140.3333,77.95,86,86,11.99,ID,2021-05-02 22:17:14,overcast clouds
485,Luderitz,-26.6481,15.1594,68.11,55,31,1.03,NA,2021-05-02 22:17:15,scattered clouds
486,Alyangula,-13.8483,136.4192,77.0,88,16,5.75,AU,2021-05-02 22:17:17,few clouds
487,Mahajanga,-15.7167,46.3167,77.0,78,20,3.44,MG,2021-05-02 22:17:19,light rain
488,Ayan,56.45,138.1667,33.19,71,18,8.52,RU,2021-05-02 22:17:20,few clouds
489,Kenai,60.5544,-151.2583,51.8,49,75,14.97,US,2021-05-02 22:17:21,broken clouds
490,Makarska,43.2969,17.0178,60.8,59,90,3.44,HR,2021-05-02 22:17:22,overcast clouds
491,Nenagh,52.8619,-8.1967,46.4,76,75,9.22,IE,2021-05-02 22:17:23,broken clouds
492,Auki,-8.7676,160.7034,81.45,78,63,0.92,SB,2021-05-02 22:17:24,broken clouds
493,Gornopravdinsk,60.05,69.9,36.07,85,79,5.46,RU,2021-05-02 22:17:25,broken clouds
494,Luqiao,28.5808,121.3772,61.0,69,99,3.18,CN,2021-05-02 22:17:26,overcast clouds
495,Ouango,4.3133,22.5552,70.23,88,98,1.19,CF,2021-05-02 22:17:28,overcast clouds
496,Saquena,-4.6667,-73.5167,77.22,92,98,1.77,PE,2021-05-02 22:17:29,overcast clouds
497,Palmer,42.1584,-72.3287,59.0,77,90,10.36,US,2021-05-02 22:17:30,light rain
498,Dolinsk,47.35,142.8,33.8,93,75,2.24,RU,2021-05-02 22:17:31,light snow
499,Cap Malheureux,-19.9842,57.6142,75.0,91,3,8.16,MU,2021-05-02 22:17:32,light rain
500,Imeni Poliny Osipenko,52.4201,136.4853,34.18,66,100,16.35,RU,2021-05-02 22:17:33,overcast clouds
501,Sarakhs,36.5449,61.1577,71.6,56,100,2.3,IR,2021-05-02 22:17:34,overcast clouds
502,Okhotsk,59.3833,143.3,35.46,63,46,0.78,RU,2021-05-02 22:17:35,scattered clouds
503,Elko,41.0002,-115.5012,59.0,32,100,21.0,US,2021-05-02 22:14:03,overcast clouds
504,Shasta Lake,40.6804,-122.3708,80.6,19,1,14.97,US,2021-05-02 22:15:13,clear sky
505,Biloela,-24.4167,150.5,67.32,73,39,12.46,AU,2021-05-02 22:17:38,scattered clouds
506,Bathsheba,13.2167,-59.5167,78.8,65,20,14.97,BB,2021-05-02 22:17:39,few clouds
507,Hundorp,61.5552,9.9407,27.54,96,56,1.81,NO,2021-05-02 22:17:40,broken clouds
508,Mandalgovi,45.7625,106.2708,31.64,73,64,25.7,MN,2021-05-02 22:17:41,broken clouds
509,Sobolevo,54.4299,31.8996,51.66,97,100,17.43,RU,2021-05-02 22:17:42,moderate rain
510,Zyryanka,65.75,150.85,32.27,80,29,6.24,RU,2021-05-02 22:17:44,scattered clouds
511,Nioro,13.35,-15.75,82.9,34,49,11.1,GM,2021-05-02 22:17:45,scattered clouds
512,Samarai,-10.6167,150.6667,80.2,81,53,7.2,PG,2021-05-02 22:17:46,broken clouds
513,Dalvik,65.9702,-18.5286,32.0,69,0,8.05,IS,2021-05-02 22:17:47,clear sky
514,Beira,-19.8436,34.8389,73.4,83,40,14.99,MZ,2021-05-02 22:17:48,light rain
515,Ketchikan,55.3422,-131.6461,53.6,50,75,9.22,US,2021-05-02 22:15:43,broken clouds
516,Cairns,-16.9167,145.7667,75.2,73,28,11.5,AU,2021-05-02 22:14:45,scattered clouds
517,Kirensk,57.7853,108.1119,34.83,97,96,3.13,RU,2021-05-02 22:17:51,light snow
518,Guiratinga,-16.3494,-53.7583,76.08,64,10,5.23,BR,2021-05-02 22:17:52,clear sky
519,Ewa Beach,21.3156,-158.0072,84.2,45,40,17.27,US,2021-05-02 22:16:07,scattered clouds
520,Qandala,11.472,49.8728,81.97,75,78,9.17,SO,2021-05-02 22:17:54,broken clouds
521,Cecina,43.3128,10.524,60.01,42,0,19.35,IT,2021-05-02 22:17:55,clear sky
522,Metro,-5.1131,105.3067,73.9,94,53,3.15,ID,2021-05-02 22:18:46,broken clouds
523,Rafraf,37.1904,10.1837,62.6,82,75,5.75,TN,2021-05-02 22:18:47,broken clouds
524,Gambissara,13.2382,-14.3108,90.63,20,54,7.0,SN,2021-05-02 22:18:48,broken clouds
525,Canico,32.6333,-16.85,59.0,72,75,4.61,PT,2021-05-02 22:18:49,broken clouds
526,Meulaboh,4.1363,96.1285,76.46,90,99,3.85,ID,2021-05-02 22:18:50,overcast clouds
527,Cradock,-32.1642,25.6192,58.42,35,0,4.25,ZA,2021-05-02 22:18:51,clear sky
528,Kindu,-2.95,25.95,71.01,94,96,1.32,CD,2021-05-02 22:18:52,overcast clouds
529,Waingapu,-9.6567,120.2641,75.54,83,38,9.44,ID,2021-05-02 22:18:53,scattered clouds
530,Baker City,44.7749,-117.8344,57.2,28,1,21.85,US,2021-05-02 22:18:54,clear sky
531,Aswan,24.0934,32.907,85.19,11,0,10.51,EG,2021-05-02 22:18:55,clear sky
532,Brigantine,39.4101,-74.3646,82.4,26,1,17.27,US,2021-05-02 22:18:57,clear sky
533,Wasilla,61.5814,-149.4394,53.6,32,1,5.75,US,2021-05-02 22:18:58,clear sky
534,Nishihara,26.1842,127.7558,68.0,64,75,6.91,JP,2021-05-02 22:18:59,broken clouds
535,Christchurch,-43.5333,172.6333,61.0,76,56,1.14,NZ,2021-05-02 22:15:08,broken clouds
536,Aquiraz,-3.9014,-38.3911,82.99,78,20,2.3,BR,2021-05-02 22:19:01,few clouds
537,Uruzgan,32.8333,66.0,62.33,62,100,3.96,AF,2021-05-02 22:19:02,overcast clouds
538,Lakes Entrance,-37.8811,147.981,57.0,87,57,4.56,AU,2021-05-02 22:19:06,broken clouds
539,Basco,20.4487,121.9702,79.27,81,63,19.73,PH,2021-05-02 22:19:07,broken clouds
540,Muravlenko,63.7898,74.523,29.17,86,90,9.22,RU,2021-05-02 22:19:08,overcast clouds
541,Kargasok,59.0556,80.8572,49.24,69,100,11.05,RU,2021-05-02 22:19:09,overcast clouds
542,Krym,47.3003,39.5164,64.99,77,0,11.18,RU,2021-05-02 22:19:10,clear sky
543,Kurilsk,45.2333,147.8833,32.49,93,99,15.03,RU,2021-05-02 22:19:11,overcast clouds
544,Saravan,39.7196,45.6483,55.4,82,40,4.61,AM,2021-05-02 22:19:12,scattered clouds
545,Narodychi,51.2029,29.0823,57.07,88,65,14.92,UA,2021-05-02 22:19:13,broken clouds
546,Eydhafushi,5.1033,73.0708,83.16,72,100,3.04,MV,2021-05-02 22:19:14,overcast clouds
547,Nemuro,43.3236,145.575,38.01,82,77,10.94,JP,2021-05-02 22:19:15,broken clouds
548,La Roche-Sur-Yon,46.6667,-1.4333,42.8,75,0,3.44,FR,2021-05-02 22:19:16,clear sky
549,Garissa,-0.4536,39.6401,79.48,74,22,16.71,KE,2021-05-02 22:19:17,few clouds
550,Pueblo Bello,8.2041,-76.526,77.76,87,90,3.87,CO,2021-05-02 22:19:18,overcast clouds
551,Puerto Del Rosario,28.5004,-13.8627,66.2,59,0,12.66,ES,2021-05-02 22:19:19,clear sky
552,Zeya,53.75,127.2667,41.79,60,61,3.53,RU,2021-05-02 22:19:20,broken clouds
553,Chumikan,54.7183,135.315,30.88,84,40,2.08,RU,2021-05-02 22:19:21,scattered clouds
554,Abha,18.2164,42.5053,60.8,88,0,4.61,SA,2021-05-02 22:19:22,clear sky
555,Asau,46.4333,26.4,60.01,51,97,5.28,RO,2021-05-02 22:19:23,overcast clouds
556,Jinxiang,27.4327,120.6062,61.92,76,100,4.09,CN,2021-05-02 22:19:24,overcast clouds
557,Bambanglipuro,-7.95,110.2833,75.92,88,33,5.08,ID,2021-05-02 22:19:25,scattered clouds
558,Kulhudhuffushi,6.6221,73.07,83.48,72,94,4.05,MV,2021-05-02 22:19:26,overcast clouds
559,Juneau,58.3019,-134.4197,51.8,43,75,14.97,US,2021-05-02 22:19:27,broken clouds
560,Three Hills,51.7001,-113.2686,52.0,61,81,12.66,CA,2021-05-02 22:19:28,broken clouds
561,Rundu,-17.9333,19.7667,66.09,46,91,7.65,NA,2021-05-02 22:19:30,overcast clouds
562,Deputatskiy,69.3,139.9,25.43,93,100,2.89,RU,2021-05-02 22:19:31,overcast clouds
563,Noci,40.7907,17.1317,60.01,36,0,14.97,IT,2021-05-02 22:19:32,clear sky
564,Nhulunbuy,-12.2333,136.7667,77.0,83,10,6.91,AU,2021-05-02 22:19:33,clear sky
565,Maryville,35.7565,-83.9705,75.99,50,90,4.61,US,2021-05-02 22:15:52,overcast clouds
566,Tazmalt,36.3868,4.3989,59.22,83,100,4.27,DZ,2021-05-02 22:19:35,overcast clouds
567,Kikwit,-5.041,18.8162,72.45,87,49,2.51,CD,2021-05-02 22:19:36,scattered clouds
568,Qianjiang,30.4151,112.8859,65.08,89,100,1.63,CN,2021-05-02 22:19:38,overcast clouds
569,Senanga,-16.1167,23.2667,67.48,77,94,7.34,ZM,2021-05-02 22:19:39,overcast clouds
570,Flin Flon,54.7682,-101.865,35.6,55,90,5.75,CA,2021-05-02 22:19:40,overcast clouds
571,Petropavlovka,50.6114,105.3196,36.93,81,100,10.22,RU,2021-05-02 22:19:41,overcast clouds
572,Monrovia,6.3005,-10.7969,80.6,89,75,9.6,LR,2021-05-02 22:19:42,moderate rain
573,Bakel,14.905,-12.4568,94.01,17,32,12.77,SN,2021-05-02 22:19:44,scattered clouds
574,Qiongshan,20.0058,110.3542,77.0,94,0,4.47,CN,2021-05-02 22:19:46,clear sky
575,Coahuayana,18.7333,-103.6833,86.0,30,1,17.27,MX,2021-05-02 22:19:47,clear sky
576,Storslett,69.7678,21.0247,21.22,80,63,9.86,NO,2021-05-02 22:19:48,broken clouds
577,Mozarlandia,-14.7447,-50.5706,79.83,56,56,6.42,BR,2021-05-02 22:19:49,broken clouds
578,Batemans Bay,-35.7167,150.1833,64.0,60,2,4.63,AU,2021-05-02 22:19:50,clear sky
579,Alcudia,39.8532,3.1214,60.01,88,20,3.44,ES,2021-05-02 22:19:51,few clouds
580,Orlik,52.5178,99.825,19.42,92,89,3.96,RU,2021-05-02 22:19:52,light snow
581,Buraydah,26.326,43.975,78.8,25,0,10.36,SA,2021-05-02 22:19:53,clear sky
582,Columbus,39.9612,-82.9988,77.0,33,75,17.27,US,2021-05-02 22:17:48,broken clouds
583,Iquique,-20.2208,-70.1431,64.4,72,0,23.02,CL,2021-05-02 22:19:55,clear sky
584,Smithers,54.7804,-127.1743,55.4,35,40,5.75,CA,2021-05-02 22:15:09,scattered clouds
585,Olga,43.7444,135.2892,50.2,46,10,12.53,RU,2021-05-02 22:19:57,clear sky
586,Kletnya,53.3897,33.2171,53.6,100,100,6.71,RU,2021-05-02 22:19:58,light rain
587,Ust-Omchug,61.15,149.6333,31.6,88,100,1.74,RU,2021-05-02 22:19:59,overcast clouds
588,Saint-Francois,46.4154,3.9054,39.2,87,0,2.3,FR,2021-05-02 22:20:00,clear sky
589,Manica,49.0,-1.1667,42.8,87,20,0.74,FR,2021-05-02 22:20:01,few clouds
590,Alta Floresta,-9.8756,-56.0861,77.0,100,20,2.3,BR,2021-05-02 22:20:03,few clouds
591,Bam,29.106,58.357,72.07,44,100,6.4,IR,2021-05-02 22:20:04,overcast clouds
592,Dhrangadhra,22.9833,71.4667,85.57,35,4,9.8,IN,2021-05-02 22:20:04,clear sky
593,Moussoro,13.6408,16.4901,87.69,6,4,13.13,TD,2021-05-02 22:20:07,clear sky
594,Husavik,66.0449,-17.3389,32.0,69,0,8.05,IS,2021-05-02 22:20:09,clear sky
595,Flinders,-34.5833,150.8552,57.99,94,6,1.01,AU,2021-05-02 22:20:10,clear sky
596,Payo,-3.7508,103.6372,71.69,97,97,1.66,ID,2021-05-02 22:20:11,overcast clouds
597,Myitkyina,25.3833,97.4,66.38,97,17,2.77,MM,2021-05-02 22:20:12,few clouds
598,Aldan,58.6031,125.3894,33.89,96,100,1.16,RU,2021-05-02 22:20:13,overcast clouds
599,Drumheller,51.4617,-112.7101,55.4,35,86,12.66,CA,2021-05-02 22:20:14,overcast clouds
600,Rypin,53.066,19.4094,37.99,95,100,3.0,PL,2021-05-02 22:20:15,overcast clouds
601,Vieques,18.425,-65.8329,82.4,69,40,14.97,PR,2021-05-02 22:20:16,scattered clouds
602,Ostersund,63.1792,14.6357,33.8,60,20,4.61,SE,2021-05-02 22:20:17,few clouds
603,College,64.8569,-147.8028,55.0,26,75,3.44,US,2021-05-02 22:17:11,broken clouds
604,Birao,10.2849,22.7882,82.18,43,80,6.96,CF,2021-05-02 22:20:20,broken clouds
605,Sao Joao Da Barra,-21.6403,-41.0511,73.4,78,75,6.91,BR,2021-05-02 22:20:21,broken clouds
606,Pitrufquen,-38.9833,-72.65,55.4,100,75,2.3,CL,2021-05-02 22:20:22,broken clouds
607,Berani,25.785,68.8069,77.0,78,40,4.61,PK,2021-05-02 22:20:23,smoke
608,Nicoya,10.1483,-85.452,78.8,73,75,5.75,CR,2021-05-02 22:20:25,broken clouds
609,Barreirinha,-2.7933,-57.07,75.97,93,39,3.47,BR,2021-05-02 22:20:26,heavy intensity rain
610,Vallenar,-28.5708,-70.7581,69.35,37,53,5.91,CL,2021-05-02 22:20:27,broken clouds
611,Kagoro,9.6,8.3833,77.25,63,100,3.83,NG,2021-05-02 22:20:28,overcast clouds
612,Aubagne,43.2928,5.5707,54.0,54,1,4.0,FR,2021-05-02 22:20:30,clear sky
613,Eufaula,31.8913,-85.1455,82.4,47,20,6.91,US,2021-05-02 22:20:31,few clouds
614,Tres Arroyos,-38.3739,-60.2798,61.84,85,100,3.51,AR,2021-05-02 22:20:32,overcast clouds
615,Sinazongwe,-17.2614,27.4618,72.99,62,75,7.83,ZM,2021-05-02 22:20:33,broken clouds
616,Bagdarin,54.4333,113.6,34.14,71,100,5.21,RU,2021-05-02 22:20:34,overcast clouds
617,Darnah,32.767,22.6367,78.93,35,99,2.59,LY,2021-05-02 22:20:35,overcast clouds
618,Urumqi,43.801,87.6005,44.6,61,2,2.24,CN,2021-05-02 22:20:36,clear sky
619,Mancio Lima,-7.6142,-72.8958,82.4,74,40,3.44,BR,2021-05-02 22:20:37,scattered clouds
620,Tarata,-17.6167,-66.0167,71.6,33,25,8.05,BO,2021-05-02 22:20:38,scattered clouds
621,New Albany,38.2856,-85.8241,73.4,38,90,10.36,US,2021-05-02 22:20:39,overcast clouds
622,Tucurui,-3.7661,-49.6725,76.64,83,81,1.3,BR,2021-05-02 22:20:40,broken clouds
623,Middle Island,40.8843,-72.9373,69.8,43,1,9.22,US,2021-05-02 22:20:41,clear sky
624,Port Augusta,-32.5,137.7667,59.0,94,40,5.75,AU,2021-05-02 22:20:42,scattered clouds
625,Skjervoy,70.0311,20.9714,31.73,63,13,10.38,NO,2021-05-02 22:20:43,few clouds
626,Ocean City,39.2776,-74.5746,82.4,26,1,17.27,US,2021-05-02 22:19:17,clear sky
627,Providencia,28.7167,-111.5833,86.0,42,1,15.01,MX,2021-05-02 22:20:45,clear sky
628,General Teran,25.2667,-99.6833,101.12,12,10,4.59,MX,2021-05-02 22:20:46,clear sky
629,Abu Zabad,12.35,29.25,81.52,57,78,13.47,SD,2021-05-02 22:20:47,broken clouds
630,Kanker,20.2719,81.4931,77.47,51,97,4.5,IN,2021-05-02 22:20:48,overcast clouds
631,Medak,18.0333,78.2667,77.0,45,43,1.01,IN,2021-05-02 22:20:49,scattered clouds
632,Lamu,-2.2717,40.902,80.85,80,53,12.1,KE,2021-05-02 22:20:50,light rain
633,Augusto Correa,-1.0217,-46.635,74.25,95,99,3.18,BR,2021-05-02 22:20:51,overcast clouds
634,Ballitoville,-29.539,31.2144,66.0,88,0,1.14,ZA,2021-05-02 22:21:24,clear sky
635,Caibarien,22.5206,-79.4669,89.6,33,40,18.41,CU,2021-05-02 22:21:25,scattered clouds
636,Ambo,-10.1308,-76.2047,69.48,59,25,7.27,PE,2021-05-02 22:21:26,scattered clouds
637,Peterhead,57.5058,-1.7981,42.01,87,40,1.14,GB,2021-05-02 22:21:28,scattered clouds
638,Makakilo City,21.3469,-158.0858,84.2,61,90,4.61,US,2021-05-02 22:21:29,overcast clouds
639,Margate,51.3813,1.3862,45.0,72,80,4.0,GB,2021-05-02 22:21:30,broken clouds
640,Praia,14.9215,-23.5087,69.8,73,20,17.27,CV,2021-05-02 22:20:49,few clouds
641,Ust-Tsilma,65.441,52.1498,31.3,68,100,16.71,RU,2021-05-02 22:21:32,overcast clouds
642,Puquio,-14.7,-74.1333,52.09,78,83,8.7,PE,2021-05-02 22:21:35,broken clouds
643,Caraquet,47.7941,-64.9386,48.2,46,72,12.66,CA,2021-05-02 22:18:10,broken clouds
644,Jalu,29.0331,21.5482,89.8,11,89,9.62,LY,2021-05-02 22:21:38,overcast clouds
645,Minot,48.2325,-101.2963,55.4,62,20,13.8,US,2021-05-02 22:21:35,few clouds
646,Maku,39.2911,44.4521,53.98,78,34,0.69,IR,2021-05-02 22:21:39,scattered clouds
647,Mercedes,-34.6515,-59.4307,73.99,78,94,1.99,AR,2021-05-02 22:17:24,overcast clouds
648,Kieta,-6.2167,155.6333,82.13,76,99,1.19,PG,2021-05-02 22:21:41,overcast clouds
649,Black River,18.0264,-77.8487,82.4,65,20,4.61,JM,2021-05-02 22:21:42,few clouds
650,Priyutnoye,46.1011,43.5072,61.63,68,49,8.25,RU,2021-05-02 22:21:43,scattered clouds
651,Luoyang,34.6836,112.4536,56.46,43,100,3.67,CN,2021-05-02 22:21:44,light rain
652,Inhambane,-23.865,35.3833,70.47,60,61,13.18,MZ,2021-05-02 22:21:19,broken clouds
653,Nizwa,22.9333,57.5333,79.16,50,100,4.05,OM,2021-05-02 22:21:46,overcast clouds
654,Ignacio Zaragoza,28.3833,-107.2167,77.0,13,54,13.0,MX,2021-05-02 22:21:47,broken clouds
655,Komyshuvakha,47.7176,35.5288,57.2,67,0,11.18,UA,2021-05-02 22:21:48,clear sky
656,Lalibela,12.0333,39.0333,56.39,85,91,3.24,ET,2021-05-02 22:21:50,overcast clouds
657,Morros,-9.4467,-46.3003,77.74,62,100,3.49,BR,2021-05-02 22:21:51,overcast clouds
658,Dunedin,-45.8742,170.5036,55.13,59,94,4.7,NZ,2021-05-02 22:21:52,overcast clouds
659,Cayenne,4.9333,-52.3333,80.6,78,75,3.44,GF,2021-05-02 22:21:53,broken clouds
660,Atbasar,51.8,68.3333,53.44,43,100,8.14,KZ,2021-05-02 22:21:54,overcast clouds
661,Tomaszow Lubelski,50.4477,23.4162,46.0,79,100,13.0,PL,2021-05-02 22:21:55,overcast clouds
662,Manoel Urbano,-8.8389,-69.2597,77.31,88,85,3.13,BR,2021-05-02 22:21:56,overcast clouds
663,Akyab,20.15,92.9,80.33,76,0,5.06,MM,2021-05-02 22:21:57,clear sky
664,Duluth,46.7833,-92.1066,52.0,81,1,12.66,US,2021-05-02 22:21:45,clear sky
665,Jibuti,11.5,42.5,71.98,79,100,5.66,DJ,2021-05-02 22:17:07,overcast clouds
666,Srandakan,-7.9386,110.2506,76.1,87,34,4.9,ID,2021-05-02 22:22:00,scattered clouds
667,Kirakira,-10.4544,161.9205,82.09,75,63,2.04,SB,2021-05-02 22:22:01,broken clouds
668,Odweyne,9.4092,45.064,70.57,75,100,7.07,SO,2021-05-02 22:22:02,light rain
669,Deming,32.2687,-107.7586,87.8,4,1,20.71,US,2021-05-02 22:22:03,clear sky
670,Kamina,-8.7386,24.9906,62.69,97,60,4.43,CD,2021-05-02 22:22:04,broken clouds
671,Sumbe,-11.2061,13.8437,78.94,88,54,6.53,AO,2021-05-02 22:22:05,light rain
672,Poletayevo,55.0336,61.1138,46.4,93,40,4.47,RU,2021-05-02 22:22:06,scattered clouds
673,Westport,41.1415,-73.3579,71.01,46,1,11.5,US,2021-05-02 22:22:08,clear sky
674,Kashi,39.4547,75.9797,69.8,21,40,6.71,CN,2021-05-02 22:22:09,dust
675,Komsomolskiy,40.4272,71.7189,64.4,55,93,6.91,UZ,2021-05-02 22:22:10,overcast clouds
